path,emotion,dataset
D:\Uni\Semester III\Praktikum\Projekt\CV-DL-FER-Project-\src\datasets\FER2013\train\disgust\Training_46523257.jpg,disgust,FER2013
D:\Uni\Semester III\Praktikum\Projekt\CV-DL-FER-Project-\src\datasets\FER2013\test\disgust\PublicTest_70868923.jpg,disgust,FER2013
D:\Uni\Semester III\Praktikum\Projekt\CV-DL-FER-Project-\src\datasets\FER2013\train\disgust\Training_15293498.jpg,disgust,FER2013
D:\Uni\Semester III\Praktikum\Projekt\CV-DL-FER-Project-\src\datasets\FER2013\train\disgust\Training_39197750.jpg,disgust,FER2013
D:\Uni\Semester III\Praktikum\Projekt\CV-DL-FER-Project-\src\datasets\FER2013\test\disgust\PublicTest_79534348.jpg,disgust,FER2013
D:\Uni\Semester III\Praktikum\Projekt\CV-DL-FER-Project-\src\datasets\FER2013\train\disgust\Training_62283849.jpg,disgust,FER2013
D:\Uni\Semester III\Praktikum\Projekt\CV-DL-FER-Project-\src\datasets\FER2013\test\disgust\PublicTest_58268614.jpg,disgust,FER2013
D:\Uni\Semester III\Praktikum\Projekt\CV-DL-FER-Project-\src\datasets\FER2013\test\disgust\PrivateTest_98799539.jpg,disgust,FER2013
D:\Uni\Semester III\Praktikum\Projekt\CV-DL-FER-Project-\src\datasets\FER2013\train\disgust\Training_49562208.jpg,disgust,FER2013
D:\Uni\Semester III\Praktikum\Projekt\CV-DL-FER-Project-\src\datasets\FER2013\train\disgust\Training_66604381.jpg,disgust,FER2013
D:\Uni\Semester III\Praktikum\Projekt\CV-DL-FER-Project-\src\datasets\FER2013\test\disgust\PublicTest_32023453.jpg,disgust,FER2013
D:\Uni\Semester III\Praktikum\Projekt\CV-DL-FER-Project-\src\datasets\FER2013\train\disgust\Training_62643990.jpg,disgust,FER2013
D:\Uni\Semester III\Praktikum\Projekt\CV-DL-FER-Project-\src\datasets\FER2013\train\disgust\Training_84402141.jpg,disgust,FER2013
D:\Uni\Semester III\Praktikum\Projekt\CV-DL-FER-Project-\src\datasets\FER2013\train\disgust\Training_96155311.jpg,disgust,FER2013
D:\Uni\Semester III\Praktikum\Projekt\CV-DL-FER-Project-\src\datasets\FER2013\train\disgust\Training_56741392.jpg,disgust,FER2013
D:\Uni\Semester III\Praktikum\Projekt\CV-DL-FER-Project-\src\datasets\FER2013\train\disgust\Training_63368935.jpg,disgust,FER2013
D:\Uni\Semester III\Praktikum\Projekt\CV-DL-FER-Project-\src\datasets\FER2013\test\disgust\PrivateTest_89077668.jpg,disgust,FER2013
D:\Uni\Semester III\Praktikum\Projekt\CV-DL-FER-Project-\src\datasets\FER2013\train\disgust\Training_37499253.jpg,disgust,FER2013
D:\Uni\Semester III\Praktikum\Projekt\CV-DL-FER-Project-\src\datasets\FER2013\test\disgust\PublicTest_1829684.jpg,disgust,FER2013
D:\Uni\Semester III\Praktikum\Projekt\CV-DL-FER-Project-\src\datasets\FER2013\train\disgust\Training_82363963.jpg,disgust,FER2013
D:\Uni\Semester III\Praktikum\Projekt\CV-DL-FER-Project-\src\datasets\FER2013\test\disgust\PrivateTest_3838250.jpg,disgust,FER2013
D:\Uni\Semester III\Praktikum\Projekt\CV-DL-FER-Project-\src\datasets\FER2013\train\disgust\Training_61263973.jpg,disgust,FER2013
D:\Uni\Semester III\Praktikum\Projekt\CV-DL-FER-Project-\src\datasets\FER2013\train\disgust\Training_54818097.jpg,disgust,FER2013
D:\Uni\Semester III\Praktikum\Projekt\CV-DL-FER-Project-\src\datasets\FER2013\train\disgust\Training_11946126.jpg,disgust,FER2013
D:\Uni\Semester III\Praktikum\Projekt\CV-DL-FER-Project-\src\datasets\FER2013\train\disgust\Training_63156802.jpg,disgust,FER2013
D:\Uni\Semester III\Praktikum\Projekt\CV-DL-FER-Project-\src\datasets\FER2013\test\disgust\PrivateTest_36724992.jpg,disgust,FER2013
D:\Uni\Semester III\Praktikum\Projekt\CV-DL-FER-Project-\src\datasets\FER2013\train\disgust\Training_39330477.jpg,disgust,FER2013
D:\Uni\Semester III\Praktikum\Projekt\CV-DL-FER-Project-\src\datasets\FER2013\train\disgust\Training_54471193.jpg,disgust,FER2013
D:\Uni\Semester III\Praktikum\Projekt\CV-DL-FER-Project-\src\datasets\FER2013\train\disgust\Training_13949642.jpg,disgust,FER2013
D:\Uni\Semester III\Praktikum\Projekt\CV-DL-FER-Project-\src\datasets\FER2013\train\disgust\Training_37841621.jpg,disgust,FER2013
D:\Uni\Semester III\Praktikum\Projekt\CV-DL-FER-Project-\src\datasets\FER2013\train\disgust\Training_92872071.jpg,disgust,FER2013
D:\Uni\Semester III\Praktikum\Projekt\CV-DL-FER-Project-\src\datasets\FER2013\train\disgust\Training_50997276.jpg,disgust,FER2013
D:\Uni\Semester III\Praktikum\Projekt\CV-DL-FER-Project-\src\datasets\FER2013\train\disgust\Training_54701112.jpg,disgust,FER2013
D:\Uni\Semester III\Praktikum\Projekt\CV-DL-FER-Project-\src\datasets\FER2013\train\disgust\Training_79550917.jpg,disgust,FER2013
D:\Uni\Semester III\Praktikum\Projekt\CV-DL-FER-Project-\src\datasets\FER2013\train\disgust\Training_74541407.jpg,disgust,FER2013
D:\Uni\Semester III\Praktikum\Projekt\CV-DL-FER-Project-\src\datasets\FER2013\train\disgust\Training_31277732.jpg,disgust,FER2013
D:\Uni\Semester III\Praktikum\Projekt\CV-DL-FER-Project-\src\datasets\FER2013\test\disgust\PrivateTest_87187926.jpg,disgust,FER2013
D:\Uni\Semester III\Praktikum\Projekt\CV-DL-FER-Project-\src\datasets\FER2013\train\disgust\Training_40146926.jpg,disgust,FER2013
D:\Uni\Semester III\Praktikum\Projekt\CV-DL-FER-Project-\src\datasets\FER2013\train\disgust\Training_69173187.jpg,disgust,FER2013
D:\Uni\Semester III\Praktikum\Projekt\CV-DL-FER-Project-\src\datasets\FER2013\train\disgust\Training_68677948.jpg,disgust,FER2013
D:\Uni\Semester III\Praktikum\Projekt\CV-DL-FER-Project-\src\datasets\FER2013\train\disgust\Training_15485143.jpg,disgust,FER2013
D:\Uni\Semester III\Praktikum\Projekt\CV-DL-FER-Project-\src\datasets\FER2013\train\disgust\Training_53960771.jpg,disgust,FER2013
D:\Uni\Semester III\Praktikum\Projekt\CV-DL-FER-Project-\src\datasets\FER2013\train\disgust\Training_15256337.jpg,disgust,FER2013
D:\Uni\Semester III\Praktikum\Projekt\CV-DL-FER-Project-\src\datasets\FER2013\train\disgust\Training_49380393.jpg,disgust,FER2013
D:\Uni\Semester III\Praktikum\Projekt\CV-DL-FER-Project-\src\datasets\FER2013\test\disgust\PublicTest_84280276.jpg,disgust,FER2013
D:\Uni\Semester III\Praktikum\Projekt\CV-DL-FER-Project-\src\datasets\FER2013\train\disgust\Training_97257456.jpg,disgust,FER2013
D:\Uni\Semester III\Praktikum\Projekt\CV-DL-FER-Project-\src\datasets\FER2013\test\disgust\PrivateTest_60265572.jpg,disgust,FER2013
D:\Uni\Semester III\Praktikum\Projekt\CV-DL-FER-Project-\src\datasets\FER2013\train\disgust\Training_11550217.jpg,disgust,FER2013
D:\Uni\Semester III\Praktikum\Projekt\CV-DL-FER-Project-\src\datasets\FER2013\train\disgust\Training_39642150.jpg,disgust,FER2013
D:\Uni\Semester III\Praktikum\Projekt\CV-DL-FER-Project-\src\datasets\FER2013\train\disgust\Training_27502021.jpg,disgust,FER2013
D:\Uni\Semester III\Praktikum\Projekt\CV-DL-FER-Project-\src\datasets\FER2013\train\disgust\Training_92886088.jpg,disgust,FER2013
D:\Uni\Semester III\Praktikum\Projekt\CV-DL-FER-Project-\src\datasets\FER2013\test\disgust\PrivateTest_62447860.jpg,disgust,FER2013
D:\Uni\Semester III\Praktikum\Projekt\CV-DL-FER-Project-\src\datasets\FER2013\train\disgust\Training_46615143.jpg,disgust,FER2013
D:\Uni\Semester III\Praktikum\Projekt\CV-DL-FER-Project-\src\datasets\FER2013\train\disgust\Training_87032685.jpg,disgust,FER2013
D:\Uni\Semester III\Praktikum\Projekt\CV-DL-FER-Project-\src\datasets\FER2013\train\disgust\Training_7975772.jpg,disgust,FER2013
D:\Uni\Semester III\Praktikum\Projekt\CV-DL-FER-Project-\src\datasets\FER2013\test\disgust\PublicTest_1145545.jpg,disgust,FER2013
D:\Uni\Semester III\Praktikum\Projekt\CV-DL-FER-Project-\src\datasets\FER2013\train\disgust\Training_51707682.jpg,disgust,FER2013
D:\Uni\Semester III\Praktikum\Projekt\CV-DL-FER-Project-\src\datasets\FER2013\train\disgust\Training_17705855.jpg,disgust,FER2013
D:\Uni\Semester III\Praktikum\Projekt\CV-DL-FER-Project-\src\datasets\FER2013\train\disgust\Training_57530831.jpg,disgust,FER2013
D:\Uni\Semester III\Praktikum\Projekt\CV-DL-FER-Project-\src\datasets\FER2013\train\disgust\Training_78330058.jpg,disgust,FER2013
D:\Uni\Semester III\Praktikum\Projekt\CV-DL-FER-Project-\src\datasets\FER2013\train\disgust\Training_43986935.jpg,disgust,FER2013
D:\Uni\Semester III\Praktikum\Projekt\CV-DL-FER-Project-\src\datasets\FER2013\train\disgust\Training_17174181.jpg,disgust,FER2013
D:\Uni\Semester III\Praktikum\Projekt\CV-DL-FER-Project-\src\datasets\FER2013\train\disgust\Training_14528146.jpg,disgust,FER2013
D:\Uni\Semester III\Praktikum\Projekt\CV-DL-FER-Project-\src\datasets\FER2013\test\disgust\PublicTest_82624961.jpg,disgust,FER2013
D:\Uni\Semester III\Praktikum\Projekt\CV-DL-FER-Project-\src\datasets\FER2013\test\disgust\PublicTest_1799001.jpg,disgust,FER2013
D:\Uni\Semester III\Praktikum\Projekt\CV-DL-FER-Project-\src\datasets\FER2013\test\disgust\PublicTest_60245179.jpg,disgust,FER2013
D:\Uni\Semester III\Praktikum\Projekt\CV-DL-FER-Project-\src\datasets\FER2013\train\disgust\Training_55341728.jpg,disgust,FER2013
D:\Uni\Semester III\Praktikum\Projekt\CV-DL-FER-Project-\src\datasets\FER2013\train\disgust\Training_48784394.jpg,disgust,FER2013
D:\Uni\Semester III\Praktikum\Projekt\CV-DL-FER-Project-\src\datasets\FER2013\train\disgust\Training_37855272.jpg,disgust,FER2013
D:\Uni\Semester III\Praktikum\Projekt\CV-DL-FER-Project-\src\datasets\FER2013\train\disgust\Training_59222915.jpg,disgust,FER2013
D:\Uni\Semester III\Praktikum\Projekt\CV-DL-FER-Project-\src\datasets\FER2013\train\disgust\Training_80419429.jpg,disgust,FER2013
D:\Uni\Semester III\Praktikum\Projekt\CV-DL-FER-Project-\src\datasets\FER2013\train\disgust\Training_85767348.jpg,disgust,FER2013
D:\Uni\Semester III\Praktikum\Projekt\CV-DL-FER-Project-\src\datasets\FER2013\train\disgust\Training_96859053.jpg,disgust,FER2013
D:\Uni\Semester III\Praktikum\Projekt\CV-DL-FER-Project-\src\datasets\FER2013\train\disgust\Training_52027906.jpg,disgust,FER2013
D:\Uni\Semester III\Praktikum\Projekt\CV-DL-FER-Project-\src\datasets\FER2013\train\disgust\Training_55244421.jpg,disgust,FER2013
D:\Uni\Semester III\Praktikum\Projekt\CV-DL-FER-Project-\src\datasets\FER2013\train\disgust\Training_25631538.jpg,disgust,FER2013
D:\Uni\Semester III\Praktikum\Projekt\CV-DL-FER-Project-\src\datasets\FER2013\train\disgust\Training_14719775.jpg,disgust,FER2013
D:\Uni\Semester III\Praktikum\Projekt\CV-DL-FER-Project-\src\datasets\FER2013\train\disgust\Training_86653280.jpg,disgust,FER2013
D:\Uni\Semester III\Praktikum\Projekt\CV-DL-FER-Project-\src\datasets\FER2013\train\disgust\Training_99142151.jpg,disgust,FER2013
D:\Uni\Semester III\Praktikum\Projekt\CV-DL-FER-Project-\src\datasets\FER2013\train\disgust\Training_82286772.jpg,disgust,FER2013
D:\Uni\Semester III\Praktikum\Projekt\CV-DL-FER-Project-\src\datasets\FER2013\train\disgust\Training_93703215.jpg,disgust,FER2013
D:\Uni\Semester III\Praktikum\Projekt\CV-DL-FER-Project-\src\datasets\FER2013\train\disgust\Training_12950225.jpg,disgust,FER2013
D:\Uni\Semester III\Praktikum\Projekt\CV-DL-FER-Project-\src\datasets\FER2013\train\disgust\Training_43545246.jpg,disgust,FER2013
D:\Uni\Semester III\Praktikum\Projekt\CV-DL-FER-Project-\src\datasets\FER2013\test\disgust\PublicTest_28485599.jpg,disgust,FER2013
D:\Uni\Semester III\Praktikum\Projekt\CV-DL-FER-Project-\src\datasets\FER2013\test\disgust\PublicTest_89570683.jpg,disgust,FER2013
D:\Uni\Semester III\Praktikum\Projekt\CV-DL-FER-Project-\src\datasets\FER2013\train\disgust\Training_76527187.jpg,disgust,FER2013
D:\Uni\Semester III\Praktikum\Projekt\CV-DL-FER-Project-\src\datasets\FER2013\train\disgust\Training_1654496.jpg,disgust,FER2013
D:\Uni\Semester III\Praktikum\Projekt\CV-DL-FER-Project-\src\datasets\FER2013\test\disgust\PublicTest_41633403.jpg,disgust,FER2013
D:\Uni\Semester III\Praktikum\Projekt\CV-DL-FER-Project-\src\datasets\FER2013\train\disgust\Training_33580687.jpg,disgust,FER2013
D:\Uni\Semester III\Praktikum\Projekt\CV-DL-FER-Project-\src\datasets\FER2013\train\disgust\Training_14064382.jpg,disgust,FER2013
D:\Uni\Semester III\Praktikum\Projekt\CV-DL-FER-Project-\src\datasets\FER2013\train\disgust\Training_80443921.jpg,disgust,FER2013
D:\Uni\Semester III\Praktikum\Projekt\CV-DL-FER-Project-\src\datasets\FER2013\train\disgust\Training_39701184.jpg,disgust,FER2013
D:\Uni\Semester III\Praktikum\Projekt\CV-DL-FER-Project-\src\datasets\FER2013\test\disgust\PublicTest_75786377.jpg,disgust,FER2013
D:\Uni\Semester III\Praktikum\Projekt\CV-DL-FER-Project-\src\datasets\FER2013\train\disgust\Training_82817431.jpg,disgust,FER2013
D:\Uni\Semester III\Praktikum\Projekt\CV-DL-FER-Project-\src\datasets\FER2013\train\disgust\Training_85400968.jpg,disgust,FER2013
D:\Uni\Semester III\Praktikum\Projekt\CV-DL-FER-Project-\src\datasets\FER2013\train\disgust\Training_58164415.jpg,disgust,FER2013
D:\Uni\Semester III\Praktikum\Projekt\CV-DL-FER-Project-\src\datasets\FER2013\train\disgust\Training_97638867.jpg,disgust,FER2013
D:\Uni\Semester III\Praktikum\Projekt\CV-DL-FER-Project-\src\datasets\FER2013\test\disgust\PublicTest_67431170.jpg,disgust,FER2013
D:\Uni\Semester III\Praktikum\Projekt\CV-DL-FER-Project-\src\datasets\FER2013\train\disgust\Training_33936842.jpg,disgust,FER2013
D:\Uni\Semester III\Praktikum\Projekt\CV-DL-FER-Project-\src\datasets\FER2013\train\disgust\Training_75391172.jpg,disgust,FER2013
D:\Uni\Semester III\Praktikum\Projekt\CV-DL-FER-Project-\src\datasets\FER2013\test\disgust\PrivateTest_88910113.jpg,disgust,FER2013
D:\Uni\Semester III\Praktikum\Projekt\CV-DL-FER-Project-\src\datasets\FER2013\test\disgust\PrivateTest_53414692.jpg,disgust,FER2013
D:\Uni\Semester III\Praktikum\Projekt\CV-DL-FER-Project-\src\datasets\FER2013\train\disgust\Training_31573701.jpg,disgust,FER2013
D:\Uni\Semester III\Praktikum\Projekt\CV-DL-FER-Project-\src\datasets\FER2013\train\disgust\Training_57993537.jpg,disgust,FER2013
D:\Uni\Semester III\Praktikum\Projekt\CV-DL-FER-Project-\src\datasets\FER2013\train\disgust\Training_96016286.jpg,disgust,FER2013
D:\Uni\Semester III\Praktikum\Projekt\CV-DL-FER-Project-\src\datasets\FER2013\test\disgust\PrivateTest_60490187.jpg,disgust,FER2013
D:\Uni\Semester III\Praktikum\Projekt\CV-DL-FER-Project-\src\datasets\FER2013\train\disgust\Training_96734926.jpg,disgust,FER2013
D:\Uni\Semester III\Praktikum\Projekt\CV-DL-FER-Project-\src\datasets\FER2013\train\disgust\Training_16497482.jpg,disgust,FER2013
D:\Uni\Semester III\Praktikum\Projekt\CV-DL-FER-Project-\src\datasets\FER2013\train\disgust\Training_38088257.jpg,disgust,FER2013
D:\Uni\Semester III\Praktikum\Projekt\CV-DL-FER-Project-\src\datasets\FER2013\train\disgust\Training_91485821.jpg,disgust,FER2013
D:\Uni\Semester III\Praktikum\Projekt\CV-DL-FER-Project-\src\datasets\FER2013\train\disgust\Training_35175107.jpg,disgust,FER2013
D:\Uni\Semester III\Praktikum\Projekt\CV-DL-FER-Project-\src\datasets\FER2013\train\disgust\Training_71679475.jpg,disgust,FER2013
D:\Uni\Semester III\Praktikum\Projekt\CV-DL-FER-Project-\src\datasets\FER2013\test\disgust\PrivateTest_92933222.jpg,disgust,FER2013
D:\Uni\Semester III\Praktikum\Projekt\CV-DL-FER-Project-\src\datasets\FER2013\train\disgust\Training_94043084.jpg,disgust,FER2013
D:\Uni\Semester III\Praktikum\Projekt\CV-DL-FER-Project-\src\datasets\FER2013\test\disgust\PublicTest_75779.jpg,disgust,FER2013
D:\Uni\Semester III\Praktikum\Projekt\CV-DL-FER-Project-\src\datasets\FER2013\train\disgust\Training_60623627.jpg,disgust,FER2013
D:\Uni\Semester III\Praktikum\Projekt\CV-DL-FER-Project-\src\datasets\FER2013\train\disgust\Training_67085421.jpg,disgust,FER2013
D:\Uni\Semester III\Praktikum\Projekt\CV-DL-FER-Project-\src\datasets\FER2013\train\disgust\Training_41134076.jpg,disgust,FER2013
D:\Uni\Semester III\Praktikum\Projekt\CV-DL-FER-Project-\src\datasets\FER2013\train\disgust\Training_87371135.jpg,disgust,FER2013
D:\Uni\Semester III\Praktikum\Projekt\CV-DL-FER-Project-\src\datasets\FER2013\train\disgust\Training_39831964.jpg,disgust,FER2013
D:\Uni\Semester III\Praktikum\Projekt\CV-DL-FER-Project-\src\datasets\FER2013\test\disgust\PublicTest_15595284.jpg,disgust,FER2013
D:\Uni\Semester III\Praktikum\Projekt\CV-DL-FER-Project-\src\datasets\FER2013\train\disgust\Training_52049977.jpg,disgust,FER2013
D:\Uni\Semester III\Praktikum\Projekt\CV-DL-FER-Project-\src\datasets\FER2013\train\disgust\Training_1070239.jpg,disgust,FER2013
D:\Uni\Semester III\Praktikum\Projekt\CV-DL-FER-Project-\src\datasets\FER2013\train\disgust\Training_50925427.jpg,disgust,FER2013
D:\Uni\Semester III\Praktikum\Projekt\CV-DL-FER-Project-\src\datasets\FER2013\train\disgust\Training_13647830.jpg,disgust,FER2013
D:\Uni\Semester III\Praktikum\Projekt\CV-DL-FER-Project-\src\datasets\FER2013\test\disgust\PrivateTest_3881740.jpg,disgust,FER2013
D:\Uni\Semester III\Praktikum\Projekt\CV-DL-FER-Project-\src\datasets\FER2013\train\disgust\Training_29347623.jpg,disgust,FER2013
D:\Uni\Semester III\Praktikum\Projekt\CV-DL-FER-Project-\src\datasets\FER2013\train\disgust\Training_61376133.jpg,disgust,FER2013
D:\Uni\Semester III\Praktikum\Projekt\CV-DL-FER-Project-\src\datasets\FER2013\train\disgust\Training_12896398.jpg,disgust,FER2013
D:\Uni\Semester III\Praktikum\Projekt\CV-DL-FER-Project-\src\datasets\FER2013\train\disgust\Training_70344662.jpg,disgust,FER2013
D:\Uni\Semester III\Praktikum\Projekt\CV-DL-FER-Project-\src\datasets\FER2013\train\disgust\Training_76925085.jpg,disgust,FER2013
D:\Uni\Semester III\Praktikum\Projekt\CV-DL-FER-Project-\src\datasets\FER2013\train\disgust\Training_99947220.jpg,disgust,FER2013
D:\Uni\Semester III\Praktikum\Projekt\CV-DL-FER-Project-\src\datasets\FER2013\train\disgust\Training_80671795.jpg,disgust,FER2013
D:\Uni\Semester III\Praktikum\Projekt\CV-DL-FER-Project-\src\datasets\FER2013\train\disgust\Training_76379398.jpg,disgust,FER2013
D:\Uni\Semester III\Praktikum\Projekt\CV-DL-FER-Project-\src\datasets\FER2013\train\disgust\Training_28365203.jpg,disgust,FER2013
D:\Uni\Semester III\Praktikum\Projekt\CV-DL-FER-Project-\src\datasets\FER2013\train\disgust\Training_77025552.jpg,disgust,FER2013
D:\Uni\Semester III\Praktikum\Projekt\CV-DL-FER-Project-\src\datasets\FER2013\train\disgust\Training_14049546.jpg,disgust,FER2013
D:\Uni\Semester III\Praktikum\Projekt\CV-DL-FER-Project-\src\datasets\FER2013\train\disgust\Training_75853240.jpg,disgust,FER2013
D:\Uni\Semester III\Praktikum\Projekt\CV-DL-FER-Project-\src\datasets\FER2013\train\disgust\Training_20767880.jpg,disgust,FER2013
D:\Uni\Semester III\Praktikum\Projekt\CV-DL-FER-Project-\src\datasets\FER2013\train\disgust\Training_12026955.jpg,disgust,FER2013
D:\Uni\Semester III\Praktikum\Projekt\CV-DL-FER-Project-\src\datasets\FER2013\train\disgust\Training_64347942.jpg,disgust,FER2013
D:\Uni\Semester III\Praktikum\Projekt\CV-DL-FER-Project-\src\datasets\FER2013\train\disgust\Training_56843771.jpg,disgust,FER2013
D:\Uni\Semester III\Praktikum\Projekt\CV-DL-FER-Project-\src\datasets\FER2013\train\disgust\Training_82298698.jpg,disgust,FER2013
D:\Uni\Semester III\Praktikum\Projekt\CV-DL-FER-Project-\src\datasets\FER2013\test\disgust\PrivateTest_90157239.jpg,disgust,FER2013
D:\Uni\Semester III\Praktikum\Projekt\CV-DL-FER-Project-\src\datasets\FER2013\train\disgust\Training_19915172.jpg,disgust,FER2013
D:\Uni\Semester III\Praktikum\Projekt\CV-DL-FER-Project-\src\datasets\FER2013\train\disgust\Training_47680332.jpg,disgust,FER2013
D:\Uni\Semester III\Praktikum\Projekt\CV-DL-FER-Project-\src\datasets\FER2013\train\disgust\Training_96306068.jpg,disgust,FER2013
D:\Uni\Semester III\Praktikum\Projekt\CV-DL-FER-Project-\src\datasets\FER2013\train\disgust\Training_33099414.jpg,disgust,FER2013
D:\Uni\Semester III\Praktikum\Projekt\CV-DL-FER-Project-\src\datasets\FER2013\train\disgust\Training_4844859.jpg,disgust,FER2013
D:\Uni\Semester III\Praktikum\Projekt\CV-DL-FER-Project-\src\datasets\FER2013\train\disgust\Training_15104479.jpg,disgust,FER2013
D:\Uni\Semester III\Praktikum\Projekt\CV-DL-FER-Project-\src\datasets\FER2013\test\disgust\PublicTest_85587942.jpg,disgust,FER2013
D:\Uni\Semester III\Praktikum\Projekt\CV-DL-FER-Project-\src\datasets\FER2013\train\disgust\Training_19209073.jpg,disgust,FER2013
D:\Uni\Semester III\Praktikum\Projekt\CV-DL-FER-Project-\src\datasets\FER2013\train\disgust\Training_33294423.jpg,disgust,FER2013
D:\Uni\Semester III\Praktikum\Projekt\CV-DL-FER-Project-\src\datasets\FER2013\train\disgust\Training_78245126.jpg,disgust,FER2013
D:\Uni\Semester III\Praktikum\Projekt\CV-DL-FER-Project-\src\datasets\FER2013\train\disgust\Training_52480931.jpg,disgust,FER2013
D:\Uni\Semester III\Praktikum\Projekt\CV-DL-FER-Project-\src\datasets\FER2013\test\disgust\PublicTest_35686619.jpg,disgust,FER2013
D:\Uni\Semester III\Praktikum\Projekt\CV-DL-FER-Project-\src\datasets\FER2013\test\disgust\PrivateTest_51400934.jpg,disgust,FER2013
D:\Uni\Semester III\Praktikum\Projekt\CV-DL-FER-Project-\src\datasets\FER2013\train\disgust\Training_56958841.jpg,disgust,FER2013
D:\Uni\Semester III\Praktikum\Projekt\CV-DL-FER-Project-\src\datasets\FER2013\train\disgust\Training_67037685.jpg,disgust,FER2013
D:\Uni\Semester III\Praktikum\Projekt\CV-DL-FER-Project-\src\datasets\FER2013\train\disgust\Training_70739680.jpg,disgust,FER2013
D:\Uni\Semester III\Praktikum\Projekt\CV-DL-FER-Project-\src\datasets\FER2013\train\disgust\Training_42047667.jpg,disgust,FER2013
D:\Uni\Semester III\Praktikum\Projekt\CV-DL-FER-Project-\src\datasets\FER2013\test\disgust\PrivateTest_71883356.jpg,disgust,FER2013
D:\Uni\Semester III\Praktikum\Projekt\CV-DL-FER-Project-\src\datasets\FER2013\train\disgust\Training_24546801.jpg,disgust,FER2013
D:\Uni\Semester III\Praktikum\Projekt\CV-DL-FER-Project-\src\datasets\FER2013\train\disgust\Training_57324305.jpg,disgust,FER2013
D:\Uni\Semester III\Praktikum\Projekt\CV-DL-FER-Project-\src\datasets\FER2013\train\disgust\Training_30792119.jpg,disgust,FER2013
D:\Uni\Semester III\Praktikum\Projekt\CV-DL-FER-Project-\src\datasets\FER2013\train\disgust\Training_27772190.jpg,disgust,FER2013
D:\Uni\Semester III\Praktikum\Projekt\CV-DL-FER-Project-\src\datasets\FER2013\train\disgust\Training_5258769.jpg,disgust,FER2013
D:\Uni\Semester III\Praktikum\Projekt\CV-DL-FER-Project-\src\datasets\FER2013\train\disgust\Training_79051820.jpg,disgust,FER2013
D:\Uni\Semester III\Praktikum\Projekt\CV-DL-FER-Project-\src\datasets\FER2013\train\disgust\Training_92587210.jpg,disgust,FER2013
D:\Uni\Semester III\Praktikum\Projekt\CV-DL-FER-Project-\src\datasets\FER2013\train\disgust\Training_7383909.jpg,disgust,FER2013
D:\Uni\Semester III\Praktikum\Projekt\CV-DL-FER-Project-\src\datasets\FER2013\train\disgust\Training_76134387.jpg,disgust,FER2013
D:\Uni\Semester III\Praktikum\Projekt\CV-DL-FER-Project-\src\datasets\FER2013\train\disgust\Training_43870418.jpg,disgust,FER2013
D:\Uni\Semester III\Praktikum\Projekt\CV-DL-FER-Project-\src\datasets\FER2013\train\disgust\Training_42237066.jpg,disgust,FER2013
D:\Uni\Semester III\Praktikum\Projekt\CV-DL-FER-Project-\src\datasets\FER2013\train\disgust\Training_64080976.jpg,disgust,FER2013
D:\Uni\Semester III\Praktikum\Projekt\CV-DL-FER-Project-\src\datasets\FER2013\train\disgust\Training_680349.jpg,disgust,FER2013
D:\Uni\Semester III\Praktikum\Projekt\CV-DL-FER-Project-\src\datasets\FER2013\test\disgust\PublicTest_67559665.jpg,disgust,FER2013
D:\Uni\Semester III\Praktikum\Projekt\CV-DL-FER-Project-\src\datasets\FER2013\train\disgust\Training_62961152.jpg,disgust,FER2013
D:\Uni\Semester III\Praktikum\Projekt\CV-DL-FER-Project-\src\datasets\FER2013\test\disgust\PrivateTest_29901781.jpg,disgust,FER2013
D:\Uni\Semester III\Praktikum\Projekt\CV-DL-FER-Project-\src\datasets\FER2013\train\disgust\Training_29849827.jpg,disgust,FER2013
D:\Uni\Semester III\Praktikum\Projekt\CV-DL-FER-Project-\src\datasets\FER2013\train\disgust\Training_13902995.jpg,disgust,FER2013
D:\Uni\Semester III\Praktikum\Projekt\CV-DL-FER-Project-\src\datasets\FER2013\train\disgust\Training_99044827.jpg,disgust,FER2013
D:\Uni\Semester III\Praktikum\Projekt\CV-DL-FER-Project-\src\datasets\FER2013\train\disgust\Training_69604773.jpg,disgust,FER2013
D:\Uni\Semester III\Praktikum\Projekt\CV-DL-FER-Project-\src\datasets\FER2013\test\disgust\PrivateTest_95250268.jpg,disgust,FER2013
D:\Uni\Semester III\Praktikum\Projekt\CV-DL-FER-Project-\src\datasets\FER2013\train\disgust\Training_64139744.jpg,disgust,FER2013
D:\Uni\Semester III\Praktikum\Projekt\CV-DL-FER-Project-\src\datasets\FER2013\train\disgust\Training_21936703.jpg,disgust,FER2013
D:\Uni\Semester III\Praktikum\Projekt\CV-DL-FER-Project-\src\datasets\FER2013\test\disgust\PrivateTest_36627671.jpg,disgust,FER2013
D:\Uni\Semester III\Praktikum\Projekt\CV-DL-FER-Project-\src\datasets\FER2013\train\disgust\Training_37127217.jpg,disgust,FER2013
D:\Uni\Semester III\Praktikum\Projekt\CV-DL-FER-Project-\src\datasets\FER2013\test\disgust\PublicTest_52803288.jpg,disgust,FER2013
D:\Uni\Semester III\Praktikum\Projekt\CV-DL-FER-Project-\src\datasets\FER2013\train\disgust\Training_20381848.jpg,disgust,FER2013
D:\Uni\Semester III\Praktikum\Projekt\CV-DL-FER-Project-\src\datasets\FER2013\train\disgust\Training_62886279.jpg,disgust,FER2013
D:\Uni\Semester III\Praktikum\Projekt\CV-DL-FER-Project-\src\datasets\FER2013\train\disgust\Training_8536264.jpg,disgust,FER2013
D:\Uni\Semester III\Praktikum\Projekt\CV-DL-FER-Project-\src\datasets\FER2013\train\disgust\Training_35846483.jpg,disgust,FER2013
D:\Uni\Semester III\Praktikum\Projekt\CV-DL-FER-Project-\src\datasets\FER2013\test\disgust\PublicTest_78907529.jpg,disgust,FER2013
D:\Uni\Semester III\Praktikum\Projekt\CV-DL-FER-Project-\src\datasets\FER2013\train\disgust\Training_96156747.jpg,disgust,FER2013
D:\Uni\Semester III\Praktikum\Projekt\CV-DL-FER-Project-\src\datasets\FER2013\train\disgust\Training_48988640.jpg,disgust,FER2013
D:\Uni\Semester III\Praktikum\Projekt\CV-DL-FER-Project-\src\datasets\FER2013\train\disgust\Training_60245347.jpg,disgust,FER2013
D:\Uni\Semester III\Praktikum\Projekt\CV-DL-FER-Project-\src\datasets\FER2013\train\disgust\Training_21653452.jpg,disgust,FER2013
D:\Uni\Semester III\Praktikum\Projekt\CV-DL-FER-Project-\src\datasets\FER2013\train\disgust\Training_84519169.jpg,disgust,FER2013
D:\Uni\Semester III\Praktikum\Projekt\CV-DL-FER-Project-\src\datasets\FER2013\train\disgust\Training_96642479.jpg,disgust,FER2013
D:\Uni\Semester III\Praktikum\Projekt\CV-DL-FER-Project-\src\datasets\FER2013\train\disgust\Training_57040428.jpg,disgust,FER2013
D:\Uni\Semester III\Praktikum\Projekt\CV-DL-FER-Project-\src\datasets\FER2013\train\disgust\Training_60674497.jpg,disgust,FER2013
D:\Uni\Semester III\Praktikum\Projekt\CV-DL-FER-Project-\src\datasets\FER2013\train\disgust\Training_27222615.jpg,disgust,FER2013
D:\Uni\Semester III\Praktikum\Projekt\CV-DL-FER-Project-\src\datasets\FER2013\train\disgust\Training_36831728.jpg,disgust,FER2013
D:\Uni\Semester III\Praktikum\Projekt\CV-DL-FER-Project-\src\datasets\FER2013\train\disgust\Training_59161460.jpg,disgust,FER2013
D:\Uni\Semester III\Praktikum\Projekt\CV-DL-FER-Project-\src\datasets\FER2013\train\disgust\Training_56563857.jpg,disgust,FER2013
D:\Uni\Semester III\Praktikum\Projekt\CV-DL-FER-Project-\src\datasets\FER2013\train\disgust\Training_67888404.jpg,disgust,FER2013
D:\Uni\Semester III\Praktikum\Projekt\CV-DL-FER-Project-\src\datasets\FER2013\train\disgust\Training_33540829.jpg,disgust,FER2013
D:\Uni\Semester III\Praktikum\Projekt\CV-DL-FER-Project-\src\datasets\FER2013\train\disgust\Training_24397096.jpg,disgust,FER2013
D:\Uni\Semester III\Praktikum\Projekt\CV-DL-FER-Project-\src\datasets\FER2013\train\disgust\Training_2408820.jpg,disgust,FER2013
D:\Uni\Semester III\Praktikum\Projekt\CV-DL-FER-Project-\src\datasets\FER2013\train\disgust\Training_77446866.jpg,disgust,FER2013
D:\Uni\Semester III\Praktikum\Projekt\CV-DL-FER-Project-\src\datasets\FER2013\train\disgust\Training_53679453.jpg,disgust,FER2013
D:\Uni\Semester III\Praktikum\Projekt\CV-DL-FER-Project-\src\datasets\FER2013\test\disgust\PrivateTest_84160446.jpg,disgust,FER2013
D:\Uni\Semester III\Praktikum\Projekt\CV-DL-FER-Project-\src\datasets\FER2013\train\disgust\Training_98684716.jpg,disgust,FER2013
D:\Uni\Semester III\Praktikum\Projekt\CV-DL-FER-Project-\src\datasets\FER2013\train\disgust\Training_18270362.jpg,disgust,FER2013
D:\Uni\Semester III\Praktikum\Projekt\CV-DL-FER-Project-\src\datasets\FER2013\train\disgust\Training_36543482.jpg,disgust,FER2013
D:\Uni\Semester III\Praktikum\Projekt\CV-DL-FER-Project-\src\datasets\FER2013\train\disgust\Training_19204784.jpg,disgust,FER2013
D:\Uni\Semester III\Praktikum\Projekt\CV-DL-FER-Project-\src\datasets\FER2013\train\disgust\Training_59111726.jpg,disgust,FER2013
D:\Uni\Semester III\Praktikum\Projekt\CV-DL-FER-Project-\src\datasets\FER2013\train\disgust\Training_27046033.jpg,disgust,FER2013
D:\Uni\Semester III\Praktikum\Projekt\CV-DL-FER-Project-\src\datasets\FER2013\train\disgust\Training_61937660.jpg,disgust,FER2013
D:\Uni\Semester III\Praktikum\Projekt\CV-DL-FER-Project-\src\datasets\FER2013\train\disgust\Training_67023235.jpg,disgust,FER2013
D:\Uni\Semester III\Praktikum\Projekt\CV-DL-FER-Project-\src\datasets\FER2013\train\disgust\Training_52627293.jpg,disgust,FER2013
D:\Uni\Semester III\Praktikum\Projekt\CV-DL-FER-Project-\src\datasets\FER2013\train\disgust\Training_59250682.jpg,disgust,FER2013
D:\Uni\Semester III\Praktikum\Projekt\CV-DL-FER-Project-\src\datasets\FER2013\train\disgust\Training_81049148.jpg,disgust,FER2013
D:\Uni\Semester III\Praktikum\Projekt\CV-DL-FER-Project-\src\datasets\FER2013\train\disgust\Training_45352156.jpg,disgust,FER2013
D:\Uni\Semester III\Praktikum\Projekt\CV-DL-FER-Project-\src\datasets\FER2013\test\disgust\PublicTest_86861373.jpg,disgust,FER2013
D:\Uni\Semester III\Praktikum\Projekt\CV-DL-FER-Project-\src\datasets\FER2013\train\disgust\Training_88435647.jpg,disgust,FER2013
D:\Uni\Semester III\Praktikum\Projekt\CV-DL-FER-Project-\src\datasets\FER2013\train\disgust\Training_49158638.jpg,disgust,FER2013
D:\Uni\Semester III\Praktikum\Projekt\CV-DL-FER-Project-\src\datasets\FER2013\train\disgust\Training_94080399.jpg,disgust,FER2013
D:\Uni\Semester III\Praktikum\Projekt\CV-DL-FER-Project-\src\datasets\FER2013\train\disgust\Training_77723520.jpg,disgust,FER2013
D:\Uni\Semester III\Praktikum\Projekt\CV-DL-FER-Project-\src\datasets\FER2013\test\disgust\PrivateTest_71031546.jpg,disgust,FER2013
D:\Uni\Semester III\Praktikum\Projekt\CV-DL-FER-Project-\src\datasets\FER2013\train\disgust\Training_63957495.jpg,disgust,FER2013
D:\Uni\Semester III\Praktikum\Projekt\CV-DL-FER-Project-\src\datasets\FER2013\train\disgust\Training_29819217.jpg,disgust,FER2013
D:\Uni\Semester III\Praktikum\Projekt\CV-DL-FER-Project-\src\datasets\FER2013\test\disgust\PublicTest_11387162.jpg,disgust,FER2013
D:\Uni\Semester III\Praktikum\Projekt\CV-DL-FER-Project-\src\datasets\FER2013\train\disgust\Training_27171859.jpg,disgust,FER2013
D:\Uni\Semester III\Praktikum\Projekt\CV-DL-FER-Project-\src\datasets\FER2013\test\disgust\PrivateTest_26306320.jpg,disgust,FER2013
D:\Uni\Semester III\Praktikum\Projekt\CV-DL-FER-Project-\src\datasets\FER2013\train\disgust\Training_40778169.jpg,disgust,FER2013
D:\Uni\Semester III\Praktikum\Projekt\CV-DL-FER-Project-\src\datasets\FER2013\train\disgust\Training_37397798.jpg,disgust,FER2013
D:\Uni\Semester III\Praktikum\Projekt\CV-DL-FER-Project-\src\datasets\FER2013\train\disgust\Training_54996784.jpg,disgust,FER2013
D:\Uni\Semester III\Praktikum\Projekt\CV-DL-FER-Project-\src\datasets\FER2013\test\disgust\PrivateTest_53395751.jpg,disgust,FER2013
D:\Uni\Semester III\Praktikum\Projekt\CV-DL-FER-Project-\src\datasets\FER2013\train\disgust\Training_92118201.jpg,disgust,FER2013
D:\Uni\Semester III\Praktikum\Projekt\CV-DL-FER-Project-\src\datasets\FER2013\test\disgust\PublicTest_48953105.jpg,disgust,FER2013
D:\Uni\Semester III\Praktikum\Projekt\CV-DL-FER-Project-\src\datasets\FER2013\train\disgust\Training_85270889.jpg,disgust,FER2013
D:\Uni\Semester III\Praktikum\Projekt\CV-DL-FER-Project-\src\datasets\FER2013\train\disgust\Training_73989844.jpg,disgust,FER2013
D:\Uni\Semester III\Praktikum\Projekt\CV-DL-FER-Project-\src\datasets\FER2013\test\disgust\PublicTest_83844004.jpg,disgust,FER2013
D:\Uni\Semester III\Praktikum\Projekt\CV-DL-FER-Project-\src\datasets\FER2013\test\disgust\PrivateTest_76656607.jpg,disgust,FER2013
D:\Uni\Semester III\Praktikum\Projekt\CV-DL-FER-Project-\src\datasets\FER2013\train\disgust\Training_11732399.jpg,disgust,FER2013
D:\Uni\Semester III\Praktikum\Projekt\CV-DL-FER-Project-\src\datasets\FER2013\test\disgust\PublicTest_30164595.jpg,disgust,FER2013
D:\Uni\Semester III\Praktikum\Projekt\CV-DL-FER-Project-\src\datasets\FER2013\train\disgust\Training_16203955.jpg,disgust,FER2013
D:\Uni\Semester III\Praktikum\Projekt\CV-DL-FER-Project-\src\datasets\FER2013\train\disgust\Training_43083070.jpg,disgust,FER2013
D:\Uni\Semester III\Praktikum\Projekt\CV-DL-FER-Project-\src\datasets\FER2013\train\disgust\Training_96356478.jpg,disgust,FER2013
D:\Uni\Semester III\Praktikum\Projekt\CV-DL-FER-Project-\src\datasets\FER2013\train\disgust\Training_8937293.jpg,disgust,FER2013
D:\Uni\Semester III\Praktikum\Projekt\CV-DL-FER-Project-\src\datasets\FER2013\train\disgust\Training_12122862.jpg,disgust,FER2013
D:\Uni\Semester III\Praktikum\Projekt\CV-DL-FER-Project-\src\datasets\FER2013\train\disgust\Training_5459858.jpg,disgust,FER2013
D:\Uni\Semester III\Praktikum\Projekt\CV-DL-FER-Project-\src\datasets\FER2013\train\disgust\Training_31585404.jpg,disgust,FER2013
D:\Uni\Semester III\Praktikum\Projekt\CV-DL-FER-Project-\src\datasets\FER2013\train\disgust\Training_44470373.jpg,disgust,FER2013
D:\Uni\Semester III\Praktikum\Projekt\CV-DL-FER-Project-\src\datasets\FER2013\train\disgust\Training_70829110.jpg,disgust,FER2013
D:\Uni\Semester III\Praktikum\Projekt\CV-DL-FER-Project-\src\datasets\FER2013\train\disgust\Training_89374221.jpg,disgust,FER2013
D:\Uni\Semester III\Praktikum\Projekt\CV-DL-FER-Project-\src\datasets\FER2013\train\disgust\Training_89701855.jpg,disgust,FER2013
D:\Uni\Semester III\Praktikum\Projekt\CV-DL-FER-Project-\src\datasets\FER2013\train\disgust\Training_3566649.jpg,disgust,FER2013
D:\Uni\Semester III\Praktikum\Projekt\CV-DL-FER-Project-\src\datasets\FER2013\train\disgust\Training_3310799.jpg,disgust,FER2013
D:\Uni\Semester III\Praktikum\Projekt\CV-DL-FER-Project-\src\datasets\FER2013\train\disgust\Training_70228475.jpg,disgust,FER2013
D:\Uni\Semester III\Praktikum\Projekt\CV-DL-FER-Project-\src\datasets\FER2013\train\disgust\Training_71184114.jpg,disgust,FER2013
D:\Uni\Semester III\Praktikum\Projekt\CV-DL-FER-Project-\src\datasets\FER2013\train\disgust\Training_79594467.jpg,disgust,FER2013
D:\Uni\Semester III\Praktikum\Projekt\CV-DL-FER-Project-\src\datasets\FER2013\train\disgust\Training_9948239.jpg,disgust,FER2013
D:\Uni\Semester III\Praktikum\Projekt\CV-DL-FER-Project-\src\datasets\FER2013\train\disgust\Training_30098191.jpg,disgust,FER2013
D:\Uni\Semester III\Praktikum\Projekt\CV-DL-FER-Project-\src\datasets\FER2013\test\disgust\PrivateTest_57834460.jpg,disgust,FER2013
D:\Uni\Semester III\Praktikum\Projekt\CV-DL-FER-Project-\src\datasets\FER2013\train\disgust\Training_5420780.jpg,disgust,FER2013
D:\Uni\Semester III\Praktikum\Projekt\CV-DL-FER-Project-\src\datasets\FER2013\train\disgust\Training_61291772.jpg,disgust,FER2013
D:\Uni\Semester III\Praktikum\Projekt\CV-DL-FER-Project-\src\datasets\FER2013\train\disgust\Training_77070889.jpg,disgust,FER2013
D:\Uni\Semester III\Praktikum\Projekt\CV-DL-FER-Project-\src\datasets\FER2013\test\disgust\PublicTest_1274561.jpg,disgust,FER2013
D:\Uni\Semester III\Praktikum\Projekt\CV-DL-FER-Project-\src\datasets\FER2013\train\disgust\Training_38147790.jpg,disgust,FER2013
D:\Uni\Semester III\Praktikum\Projekt\CV-DL-FER-Project-\src\datasets\FER2013\train\disgust\Training_67301317.jpg,disgust,FER2013
D:\Uni\Semester III\Praktikum\Projekt\CV-DL-FER-Project-\src\datasets\FER2013\train\disgust\Training_11871637.jpg,disgust,FER2013
D:\Uni\Semester III\Praktikum\Projekt\CV-DL-FER-Project-\src\datasets\FER2013\train\disgust\Training_79800289.jpg,disgust,FER2013
D:\Uni\Semester III\Praktikum\Projekt\CV-DL-FER-Project-\src\datasets\FER2013\train\disgust\Training_35148883.jpg,disgust,FER2013
D:\Uni\Semester III\Praktikum\Projekt\CV-DL-FER-Project-\src\datasets\FER2013\train\disgust\Training_62617017.jpg,disgust,FER2013
D:\Uni\Semester III\Praktikum\Projekt\CV-DL-FER-Project-\src\datasets\FER2013\train\disgust\Training_18809541.jpg,disgust,FER2013
D:\Uni\Semester III\Praktikum\Projekt\CV-DL-FER-Project-\src\datasets\FER2013\train\disgust\Training_98630355.jpg,disgust,FER2013
D:\Uni\Semester III\Praktikum\Projekt\CV-DL-FER-Project-\src\datasets\FER2013\train\disgust\Training_73800560.jpg,disgust,FER2013
D:\Uni\Semester III\Praktikum\Projekt\CV-DL-FER-Project-\src\datasets\FER2013\train\disgust\Training_94788538.jpg,disgust,FER2013
D:\Uni\Semester III\Praktikum\Projekt\CV-DL-FER-Project-\src\datasets\FER2013\train\disgust\Training_82341366.jpg,disgust,FER2013
D:\Uni\Semester III\Praktikum\Projekt\CV-DL-FER-Project-\src\datasets\FER2013\train\disgust\Training_66197221.jpg,disgust,FER2013
D:\Uni\Semester III\Praktikum\Projekt\CV-DL-FER-Project-\src\datasets\FER2013\train\disgust\Training_20847777.jpg,disgust,FER2013
D:\Uni\Semester III\Praktikum\Projekt\CV-DL-FER-Project-\src\datasets\FER2013\train\disgust\Training_26453750.jpg,disgust,FER2013
D:\Uni\Semester III\Praktikum\Projekt\CV-DL-FER-Project-\src\datasets\FER2013\test\disgust\PublicTest_67735286.jpg,disgust,FER2013
D:\Uni\Semester III\Praktikum\Projekt\CV-DL-FER-Project-\src\datasets\FER2013\train\disgust\Training_79721044.jpg,disgust,FER2013
D:\Uni\Semester III\Praktikum\Projekt\CV-DL-FER-Project-\src\datasets\FER2013\train\disgust\Training_11660541.jpg,disgust,FER2013
D:\Uni\Semester III\Praktikum\Projekt\CV-DL-FER-Project-\src\datasets\FER2013\train\disgust\Training_31073465.jpg,disgust,FER2013
D:\Uni\Semester III\Praktikum\Projekt\CV-DL-FER-Project-\src\datasets\FER2013\train\disgust\Training_26971398.jpg,disgust,FER2013
D:\Uni\Semester III\Praktikum\Projekt\CV-DL-FER-Project-\src\datasets\FER2013\train\disgust\Training_22935237.jpg,disgust,FER2013
D:\Uni\Semester III\Praktikum\Projekt\CV-DL-FER-Project-\src\datasets\FER2013\train\disgust\Training_5760281.jpg,disgust,FER2013
D:\Uni\Semester III\Praktikum\Projekt\CV-DL-FER-Project-\src\datasets\FER2013\train\disgust\Training_63147438.jpg,disgust,FER2013
D:\Uni\Semester III\Praktikum\Projekt\CV-DL-FER-Project-\src\datasets\FER2013\train\disgust\Training_62109339.jpg,disgust,FER2013
D:\Uni\Semester III\Praktikum\Projekt\CV-DL-FER-Project-\src\datasets\FER2013\train\disgust\Training_33035381.jpg,disgust,FER2013
D:\Uni\Semester III\Praktikum\Projekt\CV-DL-FER-Project-\src\datasets\FER2013\train\disgust\Training_29984761.jpg,disgust,FER2013
D:\Uni\Semester III\Praktikum\Projekt\CV-DL-FER-Project-\src\datasets\FER2013\train\disgust\Training_79594811.jpg,disgust,FER2013
D:\Uni\Semester III\Praktikum\Projekt\CV-DL-FER-Project-\src\datasets\FER2013\train\disgust\Training_90106899.jpg,disgust,FER2013
D:\Uni\Semester III\Praktikum\Projekt\CV-DL-FER-Project-\src\datasets\FER2013\test\disgust\PrivateTest_19671520.jpg,disgust,FER2013
D:\Uni\Semester III\Praktikum\Projekt\CV-DL-FER-Project-\src\datasets\FER2013\test\disgust\PublicTest_41393563.jpg,disgust,FER2013
D:\Uni\Semester III\Praktikum\Projekt\CV-DL-FER-Project-\src\datasets\FER2013\train\disgust\Training_9567515.jpg,disgust,FER2013
D:\Uni\Semester III\Praktikum\Projekt\CV-DL-FER-Project-\src\datasets\FER2013\train\disgust\Training_48227146.jpg,disgust,FER2013
D:\Uni\Semester III\Praktikum\Projekt\CV-DL-FER-Project-\src\datasets\FER2013\train\disgust\Training_23533665.jpg,disgust,FER2013
D:\Uni\Semester III\Praktikum\Projekt\CV-DL-FER-Project-\src\datasets\FER2013\test\disgust\PrivateTest_79683471.jpg,disgust,FER2013
D:\Uni\Semester III\Praktikum\Projekt\CV-DL-FER-Project-\src\datasets\FER2013\test\disgust\PublicTest_9982221.jpg,disgust,FER2013
D:\Uni\Semester III\Praktikum\Projekt\CV-DL-FER-Project-\src\datasets\FER2013\test\disgust\PrivateTest_52177909.jpg,disgust,FER2013
D:\Uni\Semester III\Praktikum\Projekt\CV-DL-FER-Project-\src\datasets\FER2013\train\disgust\Training_96754089.jpg,disgust,FER2013
D:\Uni\Semester III\Praktikum\Projekt\CV-DL-FER-Project-\src\datasets\FER2013\train\disgust\Training_3858356.jpg,disgust,FER2013
D:\Uni\Semester III\Praktikum\Projekt\CV-DL-FER-Project-\src\datasets\FER2013\train\disgust\Training_81867140.jpg,disgust,FER2013
D:\Uni\Semester III\Praktikum\Projekt\CV-DL-FER-Project-\src\datasets\FER2013\test\disgust\PublicTest_93710701.jpg,disgust,FER2013
D:\Uni\Semester III\Praktikum\Projekt\CV-DL-FER-Project-\src\datasets\FER2013\train\disgust\Training_8004276.jpg,disgust,FER2013
D:\Uni\Semester III\Praktikum\Projekt\CV-DL-FER-Project-\src\datasets\FER2013\train\disgust\Training_77733806.jpg,disgust,FER2013
D:\Uni\Semester III\Praktikum\Projekt\CV-DL-FER-Project-\src\datasets\FER2013\train\disgust\Training_81772924.jpg,disgust,FER2013
D:\Uni\Semester III\Praktikum\Projekt\CV-DL-FER-Project-\src\datasets\FER2013\train\disgust\Training_28653785.jpg,disgust,FER2013
D:\Uni\Semester III\Praktikum\Projekt\CV-DL-FER-Project-\src\datasets\FER2013\test\disgust\PrivateTest_46114477.jpg,disgust,FER2013
D:\Uni\Semester III\Praktikum\Projekt\CV-DL-FER-Project-\src\datasets\FER2013\train\disgust\Training_67030775.jpg,disgust,FER2013
D:\Uni\Semester III\Praktikum\Projekt\CV-DL-FER-Project-\src\datasets\FER2013\train\disgust\Training_79212194.jpg,disgust,FER2013
D:\Uni\Semester III\Praktikum\Projekt\CV-DL-FER-Project-\src\datasets\FER2013\test\disgust\PublicTest_75935933.jpg,disgust,FER2013
D:\Uni\Semester III\Praktikum\Projekt\CV-DL-FER-Project-\src\datasets\FER2013\train\disgust\Training_43960078.jpg,disgust,FER2013
D:\Uni\Semester III\Praktikum\Projekt\CV-DL-FER-Project-\src\datasets\FER2013\train\disgust\Training_13362748.jpg,disgust,FER2013
D:\Uni\Semester III\Praktikum\Projekt\CV-DL-FER-Project-\src\datasets\FER2013\test\disgust\PublicTest_9727119.jpg,disgust,FER2013
D:\Uni\Semester III\Praktikum\Projekt\CV-DL-FER-Project-\src\datasets\FER2013\train\disgust\Training_76503162.jpg,disgust,FER2013
D:\Uni\Semester III\Praktikum\Projekt\CV-DL-FER-Project-\src\datasets\FER2013\train\disgust\Training_90401180.jpg,disgust,FER2013
D:\Uni\Semester III\Praktikum\Projekt\CV-DL-FER-Project-\src\datasets\FER2013\train\disgust\Training_37121508.jpg,disgust,FER2013
D:\Uni\Semester III\Praktikum\Projekt\CV-DL-FER-Project-\src\datasets\FER2013\train\disgust\Training_25421729.jpg,disgust,FER2013
D:\Uni\Semester III\Praktikum\Projekt\CV-DL-FER-Project-\src\datasets\FER2013\test\disgust\PrivateTest_91247555.jpg,disgust,FER2013
D:\Uni\Semester III\Praktikum\Projekt\CV-DL-FER-Project-\src\datasets\FER2013\train\disgust\Training_19352710.jpg,disgust,FER2013
D:\Uni\Semester III\Praktikum\Projekt\CV-DL-FER-Project-\src\datasets\FER2013\train\disgust\Training_27574839.jpg,disgust,FER2013
D:\Uni\Semester III\Praktikum\Projekt\CV-DL-FER-Project-\src\datasets\FER2013\train\disgust\Training_24592307.jpg,disgust,FER2013
D:\Uni\Semester III\Praktikum\Projekt\CV-DL-FER-Project-\src\datasets\FER2013\train\disgust\Training_26571048.jpg,disgust,FER2013
D:\Uni\Semester III\Praktikum\Projekt\CV-DL-FER-Project-\src\datasets\FER2013\train\disgust\Training_62600200.jpg,disgust,FER2013
D:\Uni\Semester III\Praktikum\Projekt\CV-DL-FER-Project-\src\datasets\FER2013\test\disgust\PrivateTest_93390752.jpg,disgust,FER2013
D:\Uni\Semester III\Praktikum\Projekt\CV-DL-FER-Project-\src\datasets\FER2013\train\disgust\Training_52126443.jpg,disgust,FER2013
D:\Uni\Semester III\Praktikum\Projekt\CV-DL-FER-Project-\src\datasets\FER2013\train\disgust\Training_41823318.jpg,disgust,FER2013
D:\Uni\Semester III\Praktikum\Projekt\CV-DL-FER-Project-\src\datasets\FER2013\train\disgust\Training_63881263.jpg,disgust,FER2013
D:\Uni\Semester III\Praktikum\Projekt\CV-DL-FER-Project-\src\datasets\FER2013\test\disgust\PublicTest_20464211.jpg,disgust,FER2013
D:\Uni\Semester III\Praktikum\Projekt\CV-DL-FER-Project-\src\datasets\FER2013\train\disgust\Training_93510905.jpg,disgust,FER2013
D:\Uni\Semester III\Praktikum\Projekt\CV-DL-FER-Project-\src\datasets\FER2013\train\disgust\Training_31710630.jpg,disgust,FER2013
D:\Uni\Semester III\Praktikum\Projekt\CV-DL-FER-Project-\src\datasets\FER2013\train\disgust\Training_5387344.jpg,disgust,FER2013
D:\Uni\Semester III\Praktikum\Projekt\CV-DL-FER-Project-\src\datasets\FER2013\train\disgust\Training_55410082.jpg,disgust,FER2013
D:\Uni\Semester III\Praktikum\Projekt\CV-DL-FER-Project-\src\datasets\FER2013\test\disgust\PrivateTest_4407805.jpg,disgust,FER2013
D:\Uni\Semester III\Praktikum\Projekt\CV-DL-FER-Project-\src\datasets\FER2013\test\disgust\PrivateTest_3929526.jpg,disgust,FER2013
D:\Uni\Semester III\Praktikum\Projekt\CV-DL-FER-Project-\src\datasets\FER2013\train\disgust\Training_51323506.jpg,disgust,FER2013
D:\Uni\Semester III\Praktikum\Projekt\CV-DL-FER-Project-\src\datasets\FER2013\test\disgust\PublicTest_37923555.jpg,disgust,FER2013
D:\Uni\Semester III\Praktikum\Projekt\CV-DL-FER-Project-\src\datasets\FER2013\train\disgust\Training_16806541.jpg,disgust,FER2013
D:\Uni\Semester III\Praktikum\Projekt\CV-DL-FER-Project-\src\datasets\FER2013\train\disgust\Training_58801064.jpg,disgust,FER2013
D:\Uni\Semester III\Praktikum\Projekt\CV-DL-FER-Project-\src\datasets\FER2013\train\disgust\Training_37638277.jpg,disgust,FER2013
D:\Uni\Semester III\Praktikum\Projekt\CV-DL-FER-Project-\src\datasets\FER2013\train\disgust\Training_91179471.jpg,disgust,FER2013
D:\Uni\Semester III\Praktikum\Projekt\CV-DL-FER-Project-\src\datasets\FER2013\train\disgust\Training_70479209.jpg,disgust,FER2013
D:\Uni\Semester III\Praktikum\Projekt\CV-DL-FER-Project-\src\datasets\FER2013\train\disgust\Training_85690881.jpg,disgust,FER2013
D:\Uni\Semester III\Praktikum\Projekt\CV-DL-FER-Project-\src\datasets\FER2013\train\disgust\Training_99747227.jpg,disgust,FER2013
D:\Uni\Semester III\Praktikum\Projekt\CV-DL-FER-Project-\src\datasets\FER2013\train\disgust\Training_1527298.jpg,disgust,FER2013
D:\Uni\Semester III\Praktikum\Projekt\CV-DL-FER-Project-\src\datasets\FER2013\train\disgust\Training_19213548.jpg,disgust,FER2013
D:\Uni\Semester III\Praktikum\Projekt\CV-DL-FER-Project-\src\datasets\FER2013\train\disgust\Training_79131956.jpg,disgust,FER2013
D:\Uni\Semester III\Praktikum\Projekt\CV-DL-FER-Project-\src\datasets\FER2013\train\disgust\Training_74911774.jpg,disgust,FER2013
D:\Uni\Semester III\Praktikum\Projekt\CV-DL-FER-Project-\src\datasets\FER2013\train\disgust\Training_8819454.jpg,disgust,FER2013
D:\Uni\Semester III\Praktikum\Projekt\CV-DL-FER-Project-\src\datasets\FER2013\train\disgust\Training_57692374.jpg,disgust,FER2013
D:\Uni\Semester III\Praktikum\Projekt\CV-DL-FER-Project-\src\datasets\FER2013\train\disgust\Training_65372676.jpg,disgust,FER2013
D:\Uni\Semester III\Praktikum\Projekt\CV-DL-FER-Project-\src\datasets\FER2013\train\disgust\Training_81628519.jpg,disgust,FER2013
D:\Uni\Semester III\Praktikum\Projekt\CV-DL-FER-Project-\src\datasets\FER2013\train\disgust\Training_10598340.jpg,disgust,FER2013
D:\Uni\Semester III\Praktikum\Projekt\CV-DL-FER-Project-\src\datasets\FER2013\train\disgust\Training_55790100.jpg,disgust,FER2013
D:\Uni\Semester III\Praktikum\Projekt\CV-DL-FER-Project-\src\datasets\FER2013\train\disgust\Training_41474720.jpg,disgust,FER2013
D:\Uni\Semester III\Praktikum\Projekt\CV-DL-FER-Project-\src\datasets\FER2013\train\disgust\Training_29267008.jpg,disgust,FER2013
D:\Uni\Semester III\Praktikum\Projekt\CV-DL-FER-Project-\src\datasets\FER2013\train\disgust\Training_25610374.jpg,disgust,FER2013
D:\Uni\Semester III\Praktikum\Projekt\CV-DL-FER-Project-\src\datasets\FER2013\train\disgust\Training_33844261.jpg,disgust,FER2013
D:\Uni\Semester III\Praktikum\Projekt\CV-DL-FER-Project-\src\datasets\FER2013\test\disgust\PrivateTest_84635755.jpg,disgust,FER2013
D:\Uni\Semester III\Praktikum\Projekt\CV-DL-FER-Project-\src\datasets\FER2013\train\disgust\Training_92867053.jpg,disgust,FER2013
D:\Uni\Semester III\Praktikum\Projekt\CV-DL-FER-Project-\src\datasets\FER2013\train\disgust\Training_88580213.jpg,disgust,FER2013
D:\Uni\Semester III\Praktikum\Projekt\CV-DL-FER-Project-\src\datasets\FER2013\train\disgust\Training_83397899.jpg,disgust,FER2013
D:\Uni\Semester III\Praktikum\Projekt\CV-DL-FER-Project-\src\datasets\FER2013\train\disgust\Training_33869302.jpg,disgust,FER2013
D:\Uni\Semester III\Praktikum\Projekt\CV-DL-FER-Project-\src\datasets\FER2013\test\disgust\PublicTest_86888698.jpg,disgust,FER2013
D:\Uni\Semester III\Praktikum\Projekt\CV-DL-FER-Project-\src\datasets\FER2013\train\disgust\Training_18584683.jpg,disgust,FER2013
D:\Uni\Semester III\Praktikum\Projekt\CV-DL-FER-Project-\src\datasets\FER2013\train\disgust\Training_44375986.jpg,disgust,FER2013
D:\Uni\Semester III\Praktikum\Projekt\CV-DL-FER-Project-\src\datasets\FER2013\train\disgust\Training_73240823.jpg,disgust,FER2013
D:\Uni\Semester III\Praktikum\Projekt\CV-DL-FER-Project-\src\datasets\FER2013\train\disgust\Training_85206636.jpg,disgust,FER2013
D:\Uni\Semester III\Praktikum\Projekt\CV-DL-FER-Project-\src\datasets\FER2013\train\disgust\Training_58836036.jpg,disgust,FER2013
D:\Uni\Semester III\Praktikum\Projekt\CV-DL-FER-Project-\src\datasets\FER2013\train\disgust\Training_84874359.jpg,disgust,FER2013
D:\Uni\Semester III\Praktikum\Projekt\CV-DL-FER-Project-\src\datasets\FER2013\train\disgust\Training_27695321.jpg,disgust,FER2013
D:\Uni\Semester III\Praktikum\Projekt\CV-DL-FER-Project-\src\datasets\FER2013\train\disgust\Training_48972929.jpg,disgust,FER2013
D:\Uni\Semester III\Praktikum\Projekt\CV-DL-FER-Project-\src\datasets\FER2013\train\disgust\Training_95344687.jpg,disgust,FER2013
D:\Uni\Semester III\Praktikum\Projekt\CV-DL-FER-Project-\src\datasets\FER2013\train\disgust\Training_98334760.jpg,disgust,FER2013
D:\Uni\Semester III\Praktikum\Projekt\CV-DL-FER-Project-\src\datasets\FER2013\test\disgust\PublicTest_96161493.jpg,disgust,FER2013
D:\Uni\Semester III\Praktikum\Projekt\CV-DL-FER-Project-\src\datasets\FER2013\train\disgust\Training_62572176.jpg,disgust,FER2013
